-- ============================================================
-- production.sql — exportado de production_database.db
-- gerado em 2026-03-04 18:01:34
-- Execute APÓS architecture_mariadb.sql
-- ============================================================

SET NAMES utf8mb4;
SET FOREIGN_KEY_CHECKS = 0;

-- ── caixinhas ─────────────────────────────────────────────────────
-- publica não listada → assume DEFAULT 0 (privada) definido no schema
INSERT INTO `caixinhas` (`id`, `titulo`, `id_usuario`, `concluida`) VALUES
  (184, 'TESTANDO!', 850446631, 0),
  (185, 'testando', 850446631, 1),
  (186, 'abc', 850446631, 1),
  (187, 'abbb', 850446631, 1),
  (188, 'a', 850446631, 1),
  (189, 'Teste', 850446631, 0),
  (190, 'Pizza o Hamburguesa', 149922551, 0),
  (191, 'Pizza o Hamburguesa', 149922551, 0),
  (192, 'Rose Memories', 5986480108, 0),
  (193, 'Perguntas cristas', 582522777, 0),
  (194, 'manda a braba', 5237596659, 0),
  (195, 'manda a braba', 5237596659, 0),
  (196, 'Produtos automotivo', 5913984243, 0),
  (197, '❌ Cancelar', 1079727284, 0),
  (198, 'Gastamos com filhos?', 951279359, 0),
  (199, 'Quando nos atrasamos', 951279359, 0),
  (200, '...', 789296658, 0),
  (201, '...', 789296658, 0),
  (202, 'GK', 1903878603, 0),
  (203, 'Hi', 1575372988, 0),
  (204, 'Hi?', 1575372988, 0),
  (205, 'Tire suas dúvidas', 1246460688, 0),
  (206, 'Tire suas dúvidas sobre católico', 1246460688, 0),
  (207, 'Tire suas dúvidas sobre católico', 1246460688, 0),
  (208, 'Yor first celebraty crush?', 1974444315, 0),
  (209, 'Who is the best actor in the world ?', 2053022507, 0),
  (210, 'Um item de maquiagem que não pode faltar pra você', 6401389467, 0),
  (211, 'Hola', 257823822, 0),
  (212, 'Farsi', 6216797395, 0),
  (213, 'What does Fujushi mean?', 6216797395, 0),
  (214, 'What does Fujushi mean?', 6216797395, 0),
  (215, 'Math', 5222048252, 0),
  (216, 'Me pergunte algo.', 1394953741, 0),
  (217, 'Me pergunte algo.', 1394953741, 0),
  (218, 'Aleatório', 1003601280, 0),
  (219, 'Sobre T-shirts', 5815599694, 0),
  (220, 'T-shirts', 5815599694, 0),
  (221, 'Baba', 1436219939, 0),
  (222, 'Baba', 1436219939, 0),
  (223, 'Sexy question', 6111626494, 0),
  (224, 'Sexy question', 6111626494, 0),
  (225, 'Nbo', 6111626494, 0),
  (226, '/caixinhas_concluidas', 640361297, 0),
  (227, 'Amor', 640361297, 0),
  (228, 'Amor', 640361297, 0),
  (229, 'O que é amor ?', 640361297, 0),
  (230, 'Dúvidas sobre mentalidade, desenvolvimento profissional e autoconfiança!', 5785924850, 0),
  (231, 'Dúvidas sobre mentalidade, desenvolvimento profissional e autoconfiança!', 5785924850, 0),
  (232, 'Dúvidas sobre mentalidade, desenvolvimento profissional e autoconfiança!', 5785924850, 0),
  (233, 'Acessórios', 6702632731, 0),
  (234, '/start', 5406057704, 0),
  (235, '/caixinhas_concluidas', 6302818554, 0),
  (236, 'What you are looking for?', 5676876301, 0),
  (237, 'arbab', 1045107279, 0),
  (238, 'hh', 1045107279, 0),
  (239, 'Test', 1579738075, 0),
  (240, 'Did you have any problem ____ our office?', 949034040, 0),
  (241, 'Did you have any problem ____ our office?', 949034040, 0),
  (242, 'Did you have any problem ____ our office?', 949034040, 0),
  (243, 'Você me ama?', 945266755, 0),
  (244, 'Oi.', 945266755, 0),
  (245, '/start', 1257336986, 0),
  (246, 'ask me', 21532376, 1),
  (247, 'Askme', 21532376, 1),
  (248, 'Teste', 850446631, 1),
  (249, 'opa', 850446631, 1),
  (250, 'opa', 850446631, 1),
  (251, 'asdf', 850446631, 0),
  (252, 'Ask Me', 21532376, 1),
  (253, 'question', 5804825473, 0),
  (254, 'How so?', 1205461282, 0),
  (255, 'Make a wish', 1205461282, 0),
  (256, 'Polynomials', 975700081, 0),
  (257, '/conhecer_bots', 1396164961, 1),
  (258, 'El amor', 5887996987, 1),
  (259, '/ajuda', 15849645, 0),
  (260, 'Question', 1233293798, 0),
  (261, 'Test', 1412086585, 0),
  (262, 'O?', 5777564467, 1),
  (263, 'Perguntas', 6940786738, 0),
  (264, 'Tupperware', 6184625953, 0),
  (265, 'Quien responda bien será premiado', 5859767003, 0),
  (266, '/caixinhas_concluidas', 6546881726, 0),
  (267, 'Anything', 382935053, 0),
  (268, 'perguntinhas; 🦙', 1214407245, 0),
  (269, 'como goi seu dia hoje?', 1214407245, 0),
  (270, 'How are u', 1415048135, 0),
  (271, '🙊', 1354341868, 0),
  (272, 'Qual sua dúvida?', 1140771926, 0),
  (273, 'oaaa', 1015944823, 0),
  (274, 'oaaa', 1015944823, 0),
  (275, 'PERGUNTAS ??', 957002211, 0),
  (276, 'Qual seu problema com cabelo ?', 5821443204, 0),
  (277, 'Testezinho', 5054193105, 0),
  (278, 'Doramas dublados', 5065539095, 0),
  (279, 'Vamos conversar', 6285786355, 1),
  (280, 'How to make origami?', 919779751, 1),
  (281, 'How to make origami?\n1. You need a paper\n2. You need to fold the paper', 919779751, 0),
  (282, 'Можете ли вы объяснить, в чем настоящий смысл школы Сакуры?', 883517477, 0),
  (283, 'دوست داری الان کجا باشی؟', 1268821094, 1),
  (284, 'Como o dia está pra vocês', 1033213701, 1),
  (285, '/start', 1271787718, 0),
  (286, 'Hi', 2004809302, 0),
  (287, 'Français', 6558387992, 0),
  (288, '/caixinhas_concluidas', 5042684474, 0),
  (289, '/caixinhas_concluidas', 5042684474, 0),
  (290, 'ja vendeu hoje', 1476411986, 0),
  (291, 'Sobre crochê', 6516631482, 0),
  (292, 'BREATH OF LIFE', 1108847480, 0),
  (293, 'Facetas', 6238837196, 0),
  (294, 'Professor (a), deixe uma mensagem para quem quer escolher nossa profissão', 330530973, 0),
  (295, 'n sei', 1865373022, 0),
  (296, 'Animes', 6818451912, 0),
  (297, '/start', 2046285114, 0),
  (298, 'girl', 451998278, 0),
  (299, 'Damn', 1271787718, 0),
  (300, 'Dra. Podemos respirar pela boca?', 804849572, 1),
  (301, 'וואס?', 6303041567, 0),
  (302, 'Skincare', 1388266480, 0),
  (303, 'qsq1', 5193950861, 0),
  (304, 'What is your name', 6310267656, 0),
  (305, 'Hi', 679798146, 0),
  (306, '/caixinhas_concluidas', 1205210625, 0),
  (307, 'Test?', 512583039, 1),
  (308, 'clima', 1514754821, 1),
  (309, 'Hi', 6856304432, 1),
  (310, 'Pq', 6856304432, 0),
  (311, 'Another', 423269776, 0),
  (312, 'ola familia', 1750461245, 1),
  (313, 'Titan', 5417167420, 1),
  (314, '/caixinhas_concluidas', 6409240097, 0),
  (315, 'Hello', 475846677, 0),
  (316, 'Nugz', 1525899645, 0),
  (317, 'Story e vendas', 714440763, 0),
  (318, 'Memee', 5888404398, 1),
  (319, 'isiiii broad gess', 6249495758, 0),
  (320, 'isiin wehh😁', 6249495758, 1),
  (321, 'Teste', 876231532, 0),
  (322, 'Meu presente', 6495158041, 0),
  (323, 'Hazme una pregunta', 749764143, 0),
  (324, 'Do you Like My Post 💕', 5646896474, 0),
  (325, 'Do you Like My Post 💕', 5646896474, 0),
  (326, 'Do you Like My Post 💕', 5646896474, 1),
  (327, 'Oque você prefere fazer quando acorda?', 6641408091, 0),
  (328, 'Perguntas sobre o conteúdo da semana', 1022429565, 0),
  (329, 'Bola', 1911867609, 0),
  (330, 'myself', 5530602245, 0),
  (331, '/start', 5530602245, 0),
  (332, 'Me pergunte algo.', 1394953741, 0),
  (333, 'Como sair de casa', 1506825409, 0),
  (334, 'Não sei', 5452575109, 1),
  (335, 'gps 7 02 24', 649363031, 0),
  (336, 'Teste', 6116188533, 0),
  (337, 'Calçados', 1605382478, 1),
  (338, 'teste', 5101610274, 0),
  (339, 'Hhhh', 990134010, 1),
  (340, 'https://www.instagram.com/machinegunkelly?igsh=cjllYzV2eTlsejJr', 5976651814, 0),
  (341, 'Loja de eletrônicos', 6702632731, 0),
  (342, 'sida', 6017063485, 0),
  (343, 'Sexo', 6347623393, 0),
  (344, 'Amor', 946743030, 0),
  (345, 'Perguntas frequentes', 1093822388, 0),
  (346, 'Qual personagem?', 842996378, 0),
  (347, 'Next song?', 1791187521, 0),
  (348, '/ajuda', 5245273722, 0),
  (349, 'ت', 5628087159, 0),
  (350, 'ت', 5628087159, 0),
  (351, 'My Question', 722056235, 0),
  (352, 'My Question', 722056235, 0),
  (353, 'Sei lá meu', 5725556596, 1),
  (354, 'Uma verdade', 6083427855, 0),
  (355, 'Eu', 1421877552, 0),
  (356, 'cannabis', 1079727284, 0),
  (357, 'Maquiagem', 6401389467, 0),
  (358, 'Skull', 1165305774, 0),
  (359, 'Sex', 6652072408, 0),
  (360, 'Teste', 1055790757, 1),
  (361, 'Qual comida americana você acha mais estranha?', 637147886, 0),
  (362, 'بگو', 423186675, 0),
  (363, 'How r u?', 412344121, 1),
  (364, 'Sexo', 6646518285, 0),
  (365, 'Hable comigo', 5054193105, 0),
  (366, 'Holaaa', 7021147, 0),
  (367, 'Uque é biologia', 7011571374, 1),
  (368, 'Nature', 991213913, 0),
  (369, 'apa aja', 1777416726, 0),
  (370, 'O que é física', 6810322393, 0),
  (371, 'Treino', 980772524, 0),
  (372, 'Qual look  combina com você?', 7112973293, 0),
  (373, 'Depósito de Mensagens', 234766650, 0),
  (374, 'O que é natureza', 6616569550, 1),
  (375, 'سوالااتتون رو بپرسید', 105159355, 0),
  (376, 'قشنگ ترین آهنگی که دوست دارید به بقیه پیشنهاد بدید چیه؟', 246836977, 0),
  (377, 'Sombras do Passado o Best Seller 📚', 21532376, 1),
  (378, 'Mundo', 5002504012, 0),
  (379, 'Prem', 540712429, 0),
  (380, 'Primera caja', 1102965773, 0),
  (381, 'Primera caja', 1102965773, 0),
  (382, '/ajuda', 5913209225, 0),
  (383, 'ata amo', 5913209225, 1),
  (384, '/caixinhas_concluidas', 1925528481, 0),
  (385, 'Plataforma', 5964129282, 0),
  (386, '/caixinhas_concluidas', 1419908433, 0),
  (387, 'Probando', 231168426, 0),
  (388, 'Responde', 6500765693, 1),
  (389, 'Indonesia', 7139417287, 0),
  (390, 'C', 7139417287, 0),
  (391, 'Lesson', 5046248585, 0),
  (392, 'Lesson', 5046248585, 0),
  (393, 'Preguntas matemáticas', 1379359713, 0),
  (394, '/caixinhas_concluidas', 1379359713, 0),
  (395, 'https://www.instagram.com/salmaa_sjd?igsh=MWIyZnNhejJhejlyNw==', 5792893530, 0),
  (396, '/ajuda', 6491290193, 0),
  (397, 'Rotina', 6973153129, 0),
  (398, 'Rotina', 6973153129, 0);

ALTER TABLE `caixinhas` AUTO_INCREMENT = 399;

-- ── perguntas ─────────────────────────────────────────────────────
INSERT INTO `perguntas` (`id`, `id_caixinha`, `id_usuario_autor`, `pergunta`, `respondida`, `anonima`) VALUES
  (246, 185, 850446631, 'testando apenas?!', 0, 0),
  (247, 184, 850446631, 'opa', 0, 1),
  (248, 188, 850446631, 'fffffff', 0, 0),
  (249, 188, 850446631, 'asdfasdf', 0, 0),
  (250, 185, 850446631, '51', 0, 0),
  (251, 251, 850446631, 'Uai kkkkk', 0, 0),
  (252, 252, 850446631, 'E esse efeito avatar aí? Haha', 0, 0),
  (253, 252, 6457767521, 'Se pudesse escolher um pokémon para ser, qual você seria?', 0, 0),
  (254, 252, 462416122, 'Se pudesse descobrir a resposta para uma única pergunta, qual seria essa pergunta?', 0, 0),
  (255, 254, 1205461282, 'J', 0, 1),
  (256, 255, 1205461282, 'Bdnd', 0, 0),
  (257, 277, 5849220666, 'Hola queen', 0, 0),
  (258, 277, 416026672, 'tenho pensamentos pensantes', 0, 1),
  (259, 295, 1865373022, 'Nao', 0, 0),
  (260, 335, 649363031, 'test', 0, 0),
  (261, 334, 5452575109, 'O que é a sida', 0, 0),
  (262, 347, 6843879601, 'Super shy', 0, 1),
  (263, 211, 5632925020, 'Tudo bem ?', 0, 0),
  (264, 373, 234766650, 'Teste', 0, 1),
  (265, 377, 780185063, 'Eu achei o delegado meio suspeito 🤔', 0, 0),
  (266, 377, 780185063, 'Também achei o Lucas meio chato. Se o delegado fala pra ele as suspeitas, o que ela esperava que acontecesse?', 0, 0),
  (267, 377, 780185063, 'Gostei muito das imagens do livro. Acho que enriqueceu bastante e narrativa', 0, 1),
  (268, 377, 780185063, 'Queria que os capítulos fossem maiores, sou ansiosa kkkkk', 0, 1),
  (269, 377, 264137887, 'queria te dar uns beijos! e estou amando o livro', 0, 0),
  (270, 377, 269214942, 'Quero mais capítulos logo. Preciso de respostas. 🤣🤣', 0, 0),
  (271, 377, 611859037, 'Vc pretende escrever outras histórias?', 0, 1),
  (272, 377, 780185063, 'Quando sair a versão impressa, quero a minha cópia autografada', 0, 1),
  (273, 377, 780185063, 'Já treinou seu autógrafo e dedicatória pra fazer isso possível?', 0, 1),
  (274, 377, 780185063, 'Pq baleiando? Vc gosta de baleias?', 0, 1),
  (275, 377, 780185063, 'De onde vem sua inspiração pra escrever?', 0, 1),
  (276, 377, 6457767521, '/start id_caixinha_377', 0, 1),
  (277, 377, 6457767521, '/start id_caixinha_377', 0, 1),
  (278, 378, 5002504012, 'Oi?', 0, 0);

ALTER TABLE `perguntas` AUTO_INCREMENT = 279;

-- ── usuarios ─────────────────────────────────────────────────────
INSERT INTO `usuarios` (`id`, `nome`, `idioma`) VALUES
  (-1002050424705, '', 'pt'),
  (7021147, 'AlejandroCM', 'es'),
  (15849645, 'Key ㅤㅤㅤ', 'es'),
  (19259042, 'Fran', 'pt'),
  (21532376, 'Tandder', 'pt'),
  (44812402, '𝕋𝕙𝕚𝕤𝕚𝕤𝕞𝕖𝕦𝕤𝕖𝕖𝕚𝕥', 'pt'),
  (85591930, 'MK', 'pt'),
  (105159355, '🍃 سعید نوذری 🍃', 'en'),
  (119301956, '𝕸𝖆𝖒𝖆𝖗𝖊𝖟𝖆', 'pt'),
  (149922551, 'T̾o̾n̾y̾', 'es'),
  (185039128, 'Manoel', 'pt'),
  (231168426, 'andrewdlm ☀', 'es'),
  (234766650, 'Vini,', 'pt'),
  (244597892, 'Niel ₿ 🐍✡️', 'pt'),
  (246836977, 'mohammad', 'en'),
  (257823822, 'Mario D.P', 'es'),
  (264137887, 'brav', 'pt'),
  (269214942, 'Talita', 'pt'),
  (313142971, 'A', 'en'),
  (330530973, 'Lessa', 'pt'),
  (382935053, 'Zain | 🇵🇸', 'en'),
  (412344121, 'Eli Hamed', 'en'),
  (416026672, 'connor wolff', 'pt'),
  (423186675, 'woozy', 'en'),
  (423269776, 'Marsㅤ ㅤ ㅤㅤ ㅤㅤㅤㅤ ㅤ ㅤㅤ ㅤㅤㅤㅤ ㅤ', 'en'),
  (433248343, '🔆', 'pt'),
  (447003039, '⸙ꠋꠋꠋꠋꠋꠋꠋꠋꠋꠋꠋꠋꠋꠋꠋꠋꠋꠋꠋꠋꠋꠋꠋꠋꠋꠋꠋꠋꠋꠋꠋꠋꠋꠋꠋꠋₐₘᵢᵣ ₐbbₐₛ', 'pt'),
  (447473960, 'مـ"❤️‍🩹', 'en'),
  (451998278, 'A r i a N', 'en'),
  (462416122, 'Diêgo', 'pt'),
  (475846677, 'سـاداتــ', 'en'),
  (488290252, 'Amanuel', 'en'),
  (493014796, 'amen', 'pt'),
  (512583039, 'ivan', 'en'),
  (530270550, 'Angel', 'es'),
  (530316391, 'Maedeh', 'pt'),
  (540712429, 'Nox / Koras', 'en'),
  (561970680, 'faez', 'pt'),
  (582522777, 'Silvana 🌹', 'pt'),
  (591528020, 'AAMS', 'pt'),
  (593450601, 'Rezvan🦋', 'pt'),
  (599260965, 'Vou na fe', 'pt'),
  (611859037, 'Karoline', 'pt'),
  (636027231, 'ㅤ', 'en'),
  (637147886, 'Vívian Orozco', 'pt'),
  (637761195, 'ALENA', 'pt'),
  (640361297, 'Weydila', 'pt'),
  (649363031, 'ill', 'en'),
  (671039676, 'Welberth', 'pt'),
  (679798146, 'Mouaaz', 'en'),
  (714440763, 'Andreia', 'pt'),
  (722056235, 'A', 'en'),
  (749764143, 'Erwin', 'es'),
  (754688541, 'Aschalew Chechebo', 'pt'),
  (758655204, 'Tannaz', 'en'),
  (759780440, 'goof', 'en'),
  (780185063, 'Carol', 'pt'),
  (789296658, 'Ritom', 'en'),
  (804849572, 'Cristiane', 'pt'),
  (819388777, 'Carlão', 'pt'),
  (828117995, 'Léo Pit Bull', 'pt'),
  (829500032, 'Ana', 'pt'),
  (837792873, 'Hunter ❄️🦊', 'pt'),
  (842408203, 'Y o u', 'en'),
  (842996378, 'Dayse', 'pt'),
  (849022122, 'Mawni', 'pt'),
  (850446631, 'Arthur', 'pt'),
  (865587544, '𝑫𝒂𝒎𝒐𝒏 •', 'en'),
  (876231532, '.', 'pt'),
  (883517477, 'S....J', 'pt'),
  (919779751, 'Daniel', 'en'),
  (925974075, 'Volinhphương', 'pt'),
  (929490369, 'Имя (Обязательно)¿', 'en'),
  (937139499, 'Mariana', 'pt'),
  (945266755, 'ؘ', 'pt'),
  (946743030, 'F', 'pt'),
  (948508129, 'Modo', 'en'),
  (949034040, 'Manohar', 'en'),
  (951279359, 'Dianny', 'pt'),
  (957002211, 'Wellington', 'pt'),
  (971676145, 'João Victor', 'pt'),
  (975700081, 'Magic', 'en'),
  (980772524, 'Personal.linike', 'pt'),
  (985438505, 'Abcdefghijklmnop', 'en'),
  (990134010, '̭͙̖̱̬͖͓̻̣̪̭͙̖̱̭͙̖̱̬͖͓̻̣̪̭͙̖̱ĦΘ3Ξł₦', 'en'),
  (991213913, 'Sara', 'en'),
  (1003601280, 'Daniella', 'pt'),
  (1015944823, 'josss', 'es'),
  (1022429565, 'Ju', 'pt'),
  (1033213701, 'Altair A11', 'pt'),
  (1045107279, '１８:２５', 'en'),
  (1049591598, 'YUUKI', 'pt'),
  (1055790757, '마야', 'pt'),
  (1056352796, 'Thalita', 'pt'),
  (1077108708, 'vahid', 'pt'),
  (1079727284, '.....', 'es'),
  (1091617532, 'BotsArchive', 'pt'),
  (1093822388, 'João Gabriel', 'pt'),
  (1102965773, 'YCS', 'es'),
  (1107406622, 'Helena gomar', 'pt'),
  (1108847480, 'D.Prodigy', 'en'),
  (1114293549, ':)', 'pt'),
  (1126682722, '•^•', 'en'),
  (1140771926, 'Suzana', 'pt'),
  (1144333302, 'Juan Camilo', 'pt'),
  (1160113210, '𝐴 𝑡𝑖𝑟𝑒𝑑𝑝𝑒𝑟𝑠𝑜𝑛', 'pt'),
  (1165305774, 'Youssef', 'en'),
  (1172523172, 'Wal', 'es'),
  (1176230413, '𝖠𝖻𝖽𝗎𝗅𝗅𝖺.', 'en'),
  (1182205989, 'S', 'pt'),
  (1184074357, '𝔎𝔴𝔢𝔨𝔲_𝔈𝔨', 'pt'),
  (1196191642, '⚜Ромэо⚜', 'pt'),
  (1205210625, '🇮🇷سجاد🎭', 'pt'),
  (1205461282, 'Stello', 'en'),
  (1214407245, '𝐄𝐋𝐋𝐄 ִֶָ', 'pt'),
  (1233293798, 'Nakul', 'en'),
  (1246460688, '.', 'pt'),
  (1257336986, 'Alireza', 'pt'),
  (1268821094, 'Faezeh', 'en'),
  (1271787718, '𝑨𝒔𝒂𝒍', 'en'),
  (1272125950, 'Katia', 'pt'),
  (1354341868, 'Bhagyesh', 'en'),
  (1379359713, 'By Rotsen', 'es'),
  (1388266480, 'Narinha', 'pt'),
  (1394953741, 'ℳ𝖾𝗋𝖾𝖽𝗂𝗍𝗁', 'pt'),
  (1396164961, '⚡Ⓢⓘⓛⓥⓘⓝⓗⓞ 🇳🇮₿⚡🇸🇻', 'es'),
  (1412086585, 'Alpha', 'en'),
  (1415048135, '𝐊𝐔𝐁𝐎𝐋𝐎𝐑', 'en'),
  (1419908433, 'Sakthi', 'pt'),
  (1421877552, 'Edvaldo', 'pt'),
  (1436219939, 'Brentas', 'en'),
  (1447785116, 'Nᴀᴢᴀɴɪɴ', 'en'),
  (1467367603, 'Моника', 'pt'),
  (1476411986, 'vivendo online', 'pt'),
  (1487357590, 'Malike', 'en'),
  (1503079654, 'D', 'en'),
  (1506825409, 'Thiago', 'pt'),
  (1514754821, 'Jesus', 'es'),
  (1525899645, 'Muhcrea', 'en'),
  (1575372988, 'Raveen', 'en'),
  (1579738075, 'めい -めい✿', 'en'),
  (1605382478, 'Larissa', 'pt'),
  (1620065951, 'Keval Minat', 'en'),
  (1655626226, 'parnaz', 'pt'),
  (1682752916, 'Athalla A.', 'pt'),
  (1702032749, 'Caroline', 'pt'),
  (1737369047, '𝓙𝓪𝔂', 'pt'),
  (1750461245, 'joao Pedro', 'pt'),
  (1777416726, 'Javas fo. rpsg', 'pt'),
  (1791187521, '𝗕-𝒮𝒮. Mocha.S', 'en'),
  (1854956386, '🇪​🇷​🇼​🇮​🇳​ 🇪​🇸​🇨​🇴​🇧​🇦​🇷​', 'es'),
  (1857985535, '妮姐姐', 'pt'),
  (1863249379, 'AK', 'pt'),
  (1865373022, 'henry', 'pt'),
  (1903656458, '𝓜𝓸𝓱𝓪𝓶𝓶𝓪𝓭 𝓓𝓪𝓭𝓫𝓲𝓷', 'pt'),
  (1903878603, 'Juher', 'pt'),
  (1911797451, 'HABSHA online get paid', 'pt'),
  (1911867609, 'Gabriela', 'pt'),
  (1917664446, 'SOLOㅤㅤ', 'pt'),
  (1925528481, 'A', 'pt'),
  (1930096268, '𝐒𝐇𝐄𝐑𝐈𝐅𝐅™', 'pt'),
  (1961622888, 'ዩሐኒስ', 'pt'),
  (1974444315, 'vishal', 'en'),
  (1988693048, '𝚌𝚑𝚊𝚛𝚕𝚒𝚎.', 'pt'),
  (2004809302, '𝖆𝖒𝖒𝖆𝖗 𝖏𝖓𝖊𝖉', 'en'),
  (2020652368, 'هـىہ', 'pt'),
  (2036403902, 'Terry', 'pt'),
  (2046285114, 'Yaser', 'en'),
  (2053022507, 'Prat↯k', 'en'),
  (2063746343, 'Alexis', 'pt'),
  (2140472565, 'W', 'pt'),
  (5002504012, '☭', 'pt'),
  (5004720528, 'ㅤ', 'pt'),
  (5010006950, 'Kopi Duha', 'pt'),
  (5012281254, 'Aamir', 'en'),
  (5014584053, 'Carl', 'pt'),
  (5029138357, 'Ram', 'pt'),
  (5033217907, 'Elizabeth', 'pt'),
  (5041413860, 'Seele', 'pt'),
  (5042684474, 'Camilly', 'pt'),
  (5046248585, 'ZAHRA', 'en'),
  (5054193105, 'ㅤ̟ 𝒍𝘢𝘵𝘪𝘯 𝒈𝘪𝘳𝘭 : 𝖘𝐭𝐞𝐩𝐡 ʼʼ ꖘ ࣭ ࣪', 'pt'),
  (5056180227, 'Yas⁷', 'pt'),
  (5065539095, 'Henrique', 'pt'),
  (5075395305, 'j', 'pt'),
  (5075508847, 'y', 'pt'),
  (5089876316, '玩', 'pt'),
  (5100906769, 'Ghani', 'pt'),
  (5101610274, 'Maria Gabriela', 'pt'),
  (5105560142, 'Mobina', 'pt'),
  (5122607056, 'leth', 'pt'),
  (5148840078, 'Jack', 'pt'),
  (5184114597, 'Elizangela Perna', 'pt'),
  (5193950861, 'Yan', 'pt'),
  (5204771461, 'saya', 'pt'),
  (5222048252, 'Tarun', 'en'),
  (5237596659, 'Loara', 'pt'),
  (5239716518, 'Jack 2', 'pt'),
  (5245273722, 'Anna💞Beatriz', 'pt'),
  (5269534717, 'ឈាន', 'pt'),
  (5278740436, '🐂', 'pt'),
  (5328664861, 'Liweisi', 'pt'),
  (5329521369, 'sicario', 'pt'),
  (5369119611, 'WEi', 'pt'),
  (5378572507, '唐龙', 'pt'),
  (5386917478, 'Tan', 'pt'),
  (5401899697, 'Mohamed Moamen', 'pt'),
  (5406057704, 'Camille', 'pt'),
  (5417167420, 'S', 'en'),
  (5437075561, 'M.Rastin', 'pt'),
  (5449560835, '🅸🆃🆉 🆂🆆🅰🅳🅷🅸🅽', 'pt'),
  (5452575109, 'Hermenegildo', 'pt'),
  (5460069138, 'Lee', 'pt'),
  (5493397656, '-ռʀɢƈ', 'pt'),
  (5518907196, 'Huaji', 'pt'),
  (5530602245, 'ֆʍɨʟ', 'en'),
  (5531763437, 'fan', 'pt'),
  (5550566963, 'godz', 'pt'),
  (5551435297, 'Vitória Souza', 'pt'),
  (5587089963, 'Leen', 'pt'),
  (5612955156, 'Ozanira', 'pt'),
  (5628087159, 'محمد Mohammed', 'en'),
  (5629230175, 'M<|', 'pt'),
  (5632925020, 'X', 'pt'),
  (5640750750, 'telebeetas', 'pt'),
  (5646896474, '𝄟͢🦋⃟≛⃝🇸ō𝖒𝖆𝄟⃝🇾 𝚞𝚔𝚒𝚑𝚒𝚛𝚊 🍁⃝', 'en'),
  (5662816119, 'جواد', 'pt'),
  (5676876301, 'Hi cool', 'en'),
  (5713249341, 'Floret', 'en'),
  (5725556596, 'ᴠɪɴíᴄɪᴜs', 'pt'),
  (5768584378, '💛', 'pt'),
  (5777564467, '11', 'en'),
  (5781581353, 'Leandro X Mara', 'pt'),
  (5785924850, 'Alex', 'pt'),
  (5786614063, '👑 TheQueenOfStarDreams ✨', 'en'),
  (5792893530, 'B', 'pt'),
  (5799885711, 'ℂℍ𝕊𝟡𝟙𝟚', 'pt'),
  (5804825473, 'Miss You', 'pt'),
  (5814613714, 'sara', 'pt'),
  (5815599694, 'Danubia Estefany', 'pt'),
  (5821443204, 'Caio', 'pt'),
  (5849220666, 'ㅤ 𝒍𝘢 𝘥𝘰𝘣𝘭𝘦 𝗻⃤ ۬۟ 𝗻𝗶𝗰𝗸𝗶', 'pt'),
  (5859767003, '◄⏤͟͟͞🝛꯭➤⃝ ⃝⃪⃕ 𝙍𝙚𝙖𝙡🇬‌4𝙇𝙞𝙛𝙚 ᳚. ⃝⃟⃘⃖⃗❤️‍🔥𓆩〭⃛〬𝐈𝛕ᷟ͢𝚣⃪ꙴ𓆪 ⃟ᴠͥɪͣᴘͫ', 'es'),
  (5887996987, '我叫ꪶꫀꪮ [GS]', 'es'),
  (5888404398, '...', 'en'),
  (5913209225, 'mag', 'pt'),
  (5913984243, 'Mariane', 'pt'),
  (5923269501, 'Mr. Kumar', 'en'),
  (5947235876, 'Vtr De Marola', 'pt'),
  (5964129282, '@Tolls Network ৸', 'pt'),
  (5968253498, 'koryakos', 'en'),
  (5974103977, 'ali', 'en'),
  (5976651814, 'Landon', 'en'),
  (5986480108, 'Agatha', 'pt'),
  (5991101709, 'Elo🥰', 'pt'),
  (5999261533, '笨苯宝', 'en'),
  (6000349121, 'Stella', 'pt'),
  (6017063485, 'Damian', 'es'),
  (6035014781, 'Kim', 'pt'),
  (6048053156, '808MADEE', 'en'),
  (6079983561, 'Larbi', 'en'),
  (6111626494, 'Any one', 'en'),
  (6116188533, 'SetBoladeX', 'pt'),
  (6135872833, 'mei. 🫧', 'pt'),
  (6172150006, 'Ellen', 'pt'),
  (6184625953, 'aline', 'pt'),
  (6216797395, '✞', 'en'),
  (6225367815, 'مريم', 'pt'),
  (6227166063, 'ghazal', 'pt'),
  (6230113310, 'Abhishek Kumar', 'pt'),
  (6238837196, 'Nathalya', 'pt'),
  (6240474956, 'Ibou', 'pt'),
  (6249495758, 'binna', 'en'),
  (6285786355, 'Raylane', 'pt'),
  (6289902198, 'ᅟᅟᅟluv, rosie.', 'pt'),
  (6297309345, 'Faezeh nasiri🐰', 'pt'),
  (6302297289, 'Rosana', 'pt'),
  (6302818554, 'arman', 'pt'),
  (6303041567, 'נ.', 'en'),
  (6310267656, 'Abeera', 'en'),
  (6312296523, 'ㅤ * ៸ 𝗴𝗮𝗯𝗶︩︪𝗏𝖾𝗋𝗌𝗂𝖺𝗇𝗂 .’', 'pt'),
  (6325027550, 'vania', 'pt'),
  (6327582936, 'ehsan', 'pt'),
  (6338675229, 'esquily 🪲', 'pt'),
  (6340135789, 'Pessoas', 'pt'),
  (6342306483, '&#$#', 'pt'),
  (6347623393, 'Offllipe', 'pt'),
  (6362877937, 'evandra', 'pt'),
  (6401389467, 'Gabriela carvalho', 'pt'),
  (6409240097, 'Mmmmm', 'pt'),
  (6457767521, 'Rugy', 'pt'),
  (6485348011, 'Lita 🌙', 'pt'),
  (6487125584, 'A ml', 'pt'),
  (6491290193, 'Ф', 'es'),
  (6495158041, 'Joao Marcos Da Costa', 'pt'),
  (6500765693, 'Jonathan', 'pt'),
  (6516631482, 'Josi', 'pt'),
  (6529309280, 'Suuta', 'en'),
  (6546881726, 'ㅤ', 'pt'),
  (6548243286, 'Ciumenta', 'pt'),
  (6558387992, 'Darnell', 'pt'),
  (6564553449, 'Dev', 'pt'),
  (6578307571, 'Klevio', 'pt'),
  (6616569550, 'Asmin Rafael', 'pt'),
  (6625134184, 'Manuel', 'pt'),
  (6636072951, 'N', 'en'),
  (6641408091, 'Vicente', 'pt'),
  (6646518285, 'D4vd', 'pt'),
  (6652072408, 'Mercedes', 'en'),
  (6663611364, 'Cheila', 'pt'),
  (6669370161, '....', 'en'),
  (6673950858, 'Pooja', 'en'),
  (6702632731, 'Maria', 'pt'),
  (6744320947, 'Vanusa', 'pt'),
  (6780784770, 'Mr Rajput47', 'pt'),
  (6800943119, '🤗ALHAMDULILLAH🤗', 'pt'),
  (6807812944, 'loneliest', 'en'),
  (6810322393, 'Mingo', 'pt'),
  (6818451912, 'Luiza', 'pt'),
  (6843879601, 'bellmie', 'pt'),
  (6853649338, 'POETA FELIPE', 'pt'),
  (6856197042, 'little cute 🧸🍼💩', 'pt'),
  (6856304432, 'Major', 'en'),
  (6909207152, 'caesar', 'pt'),
  (6917443694, 'lua~', 'pt'),
  (6917757962, 'Almirante Orlindo', 'pt'),
  (6940786738, 'princesss', 'pt'),
  (6956905903, 'Milad', 'pt'),
  (6973153129, 'ana', 'pt'),
  (7008729321, 'Amir', 'en'),
  (7011571374, 'Elto', 'pt'),
  (7046190495, 'Vikas Ki', 'pt'),
  (7112973293, 'Lara Geovanna', 'pt'),
  (7114331603, 'Biro', 'pt'),
  (7139417287, '—lyor', 'en'),
  (7159957763, 'Fernando', 'pt'),
  (7160905154, '🖤̸̷̷̸̤ ̶ ̸̷̷̸̤⬥𝑳𝑶𝑰𝑹𝑨ᚘ ⧫⎢🥀', 'pt');

-- ── Índices ─────────────────────────────────────────────────────────

SET FOREIGN_KEY_CHECKS = 1;